id_estudiante,id_materia,calificacion,cuatrimestre,aprobada
1,1,7.2,1,True
1,2,7.3,1,True
1,3,9.1,1,True
1,4,7.1,1,True
1,5,10.0,1,True
1,6,7.1,1,True
1,7,9.7,1,True
1,8,8.4,2,True
1,9,7.1,2,True
1,10,9.5,2,True
1,11,8.9,2,True
1,12,9.7,2,True
1,13,8.1,2,True
1,14,7.4,2,True
2,1,9.2,1,True
2,2,9.6,1,True
2,3,8.7,1,True
2,4,5.3,1,False
2,5,7.7,1,True
2,6,6.8,1,False
2,7,9.4,1,True
2,8,7.5,2,True
2,9,8.6,2,True
2,10,8.2,2,True
2,11,9.9,2,True
2,12,7.3,2,True
2,13,7.1,2,True
2,14,9.2,2,True
3,1,6.7,1,False
3,2,7.0,1,True
3,3,5.3,1,False
3,4,5.1,1,False
3,5,9.0,1,True
3,6,8.3,1,True
3,7,5.7,1,False
3,8,9.8,2,True
3,9,8.2,2,True
3,10,7.7,2,True
3,11,6.9,2,False
3,12,9.6,2,True
3,13,9.8,2,True
3,14,7.7,2,True
3,15,8.7,3,True
3,16,8.2,3,True
3,17,9.0,3,True
3,18,8.7,3,True
3,19,9.5,3,True
3,20,8.1,3,True
3,21,9.2,3,True
3,22,7.6,4,True
3,23,9.0,4,True
3,24,8.6,4,True
3,25,7.6,4,True
3,26,7.9,4,True
3,27,6.4,4,False
3,28,7.4,4,True
4,1,8.9,1,True
4,2,9.8,1,True
4,3,7.4,1,True
4,4,8.0,1,True
4,5,7.1,1,True
4,6,8.6,1,True
4,7,8.5,1,True
4,8,7.7,2,True
4,9,9.3,2,True
4,10,8.5,2,True
4,11,8.8,2,True
4,12,9.6,2,True
4,13,8.6,2,True
4,14,10.0,2,True
4,15,9.6,3,True
4,16,7.1,3,True
4,17,8.1,3,True
4,18,9.0,3,True
4,19,8.5,3,True
4,20,7.7,3,True
4,21,7.7,3,True
4,22,9.1,4,True
4,23,7.0,4,True
4,24,8.8,4,True
4,25,9.7,4,True
4,26,8.0,4,True
4,27,7.2,4,True
4,28,9.5,4,True
5,1,8.6,1,True
5,2,8.8,1,True
5,3,7.9,1,True
5,4,8.9,1,True
5,5,9.4,1,True
5,6,8.9,1,True
5,7,8.9,1,True
5,8,8.5,2,True
5,9,7.8,2,True
5,10,8.1,2,True
5,11,7.7,2,True
5,12,7.1,2,True
5,13,7.5,2,True
5,14,9.7,2,True
5,15,9.8,3,True
5,16,8.2,3,True
5,17,8.0,3,True
5,18,7.3,3,True
5,19,9.7,3,True
5,20,9.0,3,True
5,21,9.3,3,True
6,1,7.3,1,True
6,2,7.2,1,True
6,3,9.3,1,True
6,4,8.3,1,True
6,5,8.4,1,True
6,6,8.0,1,True
6,7,8.3,1,True
6,8,9.4,2,True
6,9,7.1,2,True
6,10,8.4,2,True
6,11,9.4,2,True
6,12,8.1,2,True
6,13,8.9,2,True
6,14,9.8,2,True
7,1,7.2,1,True
7,2,8.4,1,True
7,3,8.3,1,True
7,4,7.7,1,True
7,5,7.0,1,True
7,6,10.0,1,True
7,7,7.7,1,True
7,8,9.2,2,True
7,9,8.2,2,True
7,10,7.8,2,True
7,11,8.9,2,True
7,12,8.3,2,True
7,13,7.9,2,True
7,14,9.3,2,True
7,15,9.9,3,True
7,16,9.5,3,True
7,17,8.8,3,True
7,18,7.0,3,True
7,19,7.8,3,True
7,20,9.9,3,True
7,21,9.1,3,True
7,22,9.8,4,True
7,23,8.0,4,True
7,24,7.1,4,True
7,25,7.1,4,True
7,26,7.1,4,True
7,27,8.0,4,True
7,28,7.6,4,True
9,1,7.6,1,True
9,2,8.7,1,True
9,3,7.6,1,True
9,4,8.8,1,True
9,5,7.5,1,True
9,6,9.7,1,True
9,7,7.2,1,True
9,8,9.8,2,True
9,9,8.2,2,True
9,10,8.8,2,True
9,11,7.0,2,True
9,12,7.4,2,True
9,13,7.7,2,True
9,14,9.5,2,True
9,15,7.9,3,True
9,16,7.3,3,True
9,17,9.7,3,True
9,18,7.1,3,True
9,19,9.0,3,True
9,20,9.9,3,True
9,21,8.3,3,True
9,22,7.8,4,True
9,23,7.3,4,True
9,24,7.9,4,True
9,25,8.7,4,True
9,26,8.9,4,True
9,27,7.6,4,True
9,28,8.7,4,True
11,1,7.6,1,True
11,2,7.4,1,True
11,3,9.4,1,True
11,4,8.6,1,True
11,5,9.6,1,True
11,6,8.1,1,True
11,7,8.8,1,True
11,8,9.6,2,True
11,9,7.3,2,True
11,10,8.5,2,True
11,11,9.0,2,True
11,12,9.5,2,True
11,13,8.3,2,True
11,14,9.5,2,True
12,1,9.4,1,True
12,2,8.7,1,True
12,3,8.6,1,True
12,4,5.2,1,False
12,5,9.7,1,True
12,6,7.1,1,True
12,7,7.3,1,True
12,8,9.4,2,True
12,9,6.8,2,False
12,10,9.5,2,True
12,11,8.5,2,True
12,12,7.7,2,True
12,13,9.1,2,True
12,14,9.0,2,True
12,15,9.8,3,True
12,16,9.7,3,True
12,17,9.2,3,True
12,18,7.2,3,True
12,19,8.6,3,True
12,20,6.0,3,False
12,21,9.5,3,True
13,1,7.1,1,True
13,2,8.3,1,True
13,3,8.2,1,True
13,4,7.7,1,True
13,5,9.3,1,True
13,6,7.6,1,True
13,7,9.2,1,True
14,1,8.7,1,True
14,2,5.7,1,False
14,3,8.7,1,True
14,4,7.5,1,True
14,5,7.4,1,True
14,6,7.2,1,True
14,7,8.8,1,True
14,8,7.6,2,True
14,9,8.6,2,True
14,10,5.9,2,False
14,11,6.2,2,False
14,12,5.4,2,False
14,13,8.5,2,True
14,14,7.5,2,True
14,15,9.1,3,True
14,16,7.4,3,True
14,17,9.6,3,True
14,18,9.9,3,True
14,19,7.8,3,True
14,20,6.0,3,False
14,21,9.7,3,True
16,1,6.3,1,False
16,2,7.5,1,True
16,3,8.7,1,True
16,4,7.9,1,True
16,5,8.6,1,True
16,6,8.3,1,True
16,7,7.5,1,True
16,8,5.9,2,False
16,9,9.8,2,True
16,10,7.7,2,True
16,11,8.2,2,True
16,12,9.2,2,True
16,13,7.5,2,True
16,14,6.2,2,False
16,15,7.4,3,True
16,16,7.0,3,True
16,17,7.0,3,True
16,18,8.8,3,True
16,19,8.6,3,True
16,20,5.2,3,False
16,21,9.1,3,True
17,1,7.6,1,True
17,2,9.2,1,True
17,3,9.7,1,True
17,4,7.2,1,True
17,5,9.7,1,True
17,6,7.1,1,True
17,7,7.3,1,True
17,8,8.0,2,True
17,9,9.7,2,True
17,10,7.8,2,True
17,11,8.5,2,True
17,12,8.7,2,True
17,13,7.3,2,True
17,14,7.4,2,True
17,15,9.5,3,True
17,16,9.0,3,True
17,17,9.8,3,True
17,18,9.3,3,True
17,19,8.6,3,True
17,20,7.3,3,True
17,21,8.4,3,True
18,1,8.1,1,True
18,2,9.0,1,True
18,3,8.9,1,True
18,4,7.4,1,True
18,5,9.7,1,True
18,6,7.2,1,True
18,7,9.3,1,True
20,1,8.7,1,True
20,2,9.7,1,True
20,3,9.3,1,True
20,4,9.0,1,True
20,5,8.9,1,True
20,6,7.9,1,True
20,7,7.2,1,True
21,1,8.6,1,True
21,2,9.1,1,True
21,3,7.1,1,True
21,4,8.4,1,True
21,5,9.3,1,True
21,6,8.5,1,True
21,7,9.3,1,True
21,8,7.8,2,True
21,9,7.8,2,True
21,10,9.5,2,True
21,11,7.1,2,True
21,12,7.7,2,True
21,13,9.4,2,True
21,14,7.7,2,True
21,15,8.7,3,True
21,16,8.3,3,True
21,17,7.8,3,True
21,18,9.5,3,True
21,19,9.2,3,True
21,20,8.5,3,True
21,21,9.4,3,True
22,1,8.3,1,True
22,2,8.5,1,True
22,3,9.0,1,True
22,4,8.1,1,True
22,5,9.8,1,True
22,6,8.5,1,True
22,7,7.9,1,True
22,8,8.8,2,True
22,9,7.5,2,True
22,10,7.9,2,True
22,11,7.6,2,True
22,12,8.7,2,True
22,13,8.6,2,True
22,14,8.5,2,True
22,15,7.7,3,True
22,16,8.1,3,True
22,17,9.3,3,True
22,18,7.4,3,True
22,19,8.9,3,True
22,20,7.6,3,True
22,21,8.8,3,True
22,22,7.3,4,True
22,23,9.9,4,True
22,24,9.1,4,True
22,25,7.9,4,True
22,26,8.4,4,True
22,27,9.1,4,True
22,28,8.0,4,True
23,1,6.3,1,False
23,2,9.6,1,True
23,3,8.7,1,True
23,4,7.9,1,True
23,5,7.9,1,True
23,6,9.9,1,True
23,7,7.8,1,True
23,8,9.5,2,True
23,9,8.6,2,True
23,10,6.0,2,False
23,11,7.8,2,True
23,12,5.2,2,False
23,13,5.5,2,False
23,14,7.3,2,True
24,1,6.0,1,False
24,2,9.4,1,True
24,3,7.5,1,True
24,4,8.2,1,True
24,5,7.7,1,True
24,6,7.3,1,True
24,7,10.0,1,True
24,8,9.5,2,True
24,9,8.3,2,True
24,10,9.3,2,True
24,11,7.8,2,True
24,12,8.4,2,True
24,13,10.0,2,True
24,14,9.8,2,True
24,15,7.7,3,True
24,16,8.3,3,True
24,17,8.1,3,True
24,18,9.7,3,True
24,19,7.9,3,True
24,20,6.8,3,False
24,21,9.9,3,True
25,1,8.1,1,True
25,2,7.1,1,True
25,3,8.0,1,True
25,4,8.1,1,True
25,5,10.0,1,True
25,6,9.8,1,True
25,7,7.6,1,True
25,8,8.2,2,True
25,9,7.2,2,True
25,10,8.3,2,True
25,11,8.3,2,True
25,12,7.0,2,True
25,13,9.9,2,True
25,14,8.7,2,True
25,15,7.9,3,True
25,16,8.6,3,True
25,17,9.1,3,True
25,18,9.9,3,True
25,19,9.0,3,True
25,20,8.0,3,True
25,21,7.4,3,True
28,1,8.9,1,True
28,2,8.7,1,True
28,3,8.9,1,True
28,4,9.6,1,True
28,5,9.1,1,True
28,6,8.8,1,True
28,7,7.7,1,True
28,8,9.7,2,True
28,9,7.7,2,True
28,10,8.4,2,True
28,11,7.7,2,True
28,12,8.2,2,True
28,13,7.2,2,True
28,14,9.0,2,True
28,15,7.9,3,True
28,16,7.7,3,True
28,17,7.8,3,True
28,18,9.3,3,True
28,19,7.2,3,True
28,20,7.6,3,True
28,21,8.9,3,True
28,22,7.6,4,True
28,23,9.1,4,True
28,24,8.0,4,True
28,25,8.4,4,True
28,26,9.0,4,True
28,27,8.4,4,True
28,28,8.9,4,True
29,1,6.1,1,False
29,2,7.9,1,True
29,3,8.6,1,True
29,4,8.3,1,True
29,5,8.9,1,True
29,6,8.6,1,True
29,7,9.2,1,True
30,1,7.2,1,True
30,2,8.9,1,True
30,3,9.4,1,True
30,4,7.5,1,True
30,5,7.4,1,True
30,6,9.5,1,True
30,7,9.9,1,True
30,8,8.3,2,True
30,9,8.8,2,True
30,10,8.7,2,True
30,11,8.0,2,True
30,12,8.0,2,True
30,13,8.0,2,True
30,14,7.9,2,True
30,15,8.7,3,True
30,16,9.1,3,True
30,17,8.5,3,True
30,18,7.2,3,True
30,19,9.8,3,True
30,20,9.2,3,True
30,21,7.7,3,True
31,1,8.2,1,True
31,2,9.1,1,True
31,3,8.9,1,True
31,4,7.4,1,True
31,5,9.3,1,True
31,6,9.7,1,True
31,7,8.0,1,True
31,8,9.5,2,True
31,9,8.7,2,True
31,10,7.8,2,True
31,11,9.2,2,True
31,12,7.7,2,True
31,13,7.9,2,True
31,14,9.7,2,True
31,15,9.8,3,True
31,16,9.0,3,True
31,17,7.7,3,True
31,18,9.4,3,True
31,19,8.2,3,True
31,20,8.8,3,True
31,21,9.4,3,True
32,1,8.3,1,True
32,2,8.1,1,True
32,3,7.1,1,True
32,4,8.1,1,True
32,5,9.9,1,True
32,6,9.9,1,True
32,7,7.2,1,True
33,1,8.6,1,True
33,2,8.1,1,True
33,3,7.8,1,True
33,4,7.8,1,True
33,5,7.1,1,True
33,6,9.2,1,True
33,7,9.1,1,True
33,8,7.4,2,True
33,9,8.4,2,True
33,10,8.4,2,True
33,11,8.1,2,True
33,12,8.2,2,True
33,13,7.9,2,True
33,14,8.1,2,True
33,15,8.2,3,True
33,16,9.6,3,True
33,17,8.0,3,True
33,18,9.7,3,True
33,19,7.3,3,True
33,20,8.1,3,True
33,21,8.6,3,True
33,22,8.6,4,True
33,23,8.0,4,True
33,24,7.6,4,True
33,25,8.8,4,True
33,26,8.5,4,True
33,27,7.6,4,True
33,28,8.7,4,True
35,1,9.7,1,True
35,2,7.0,1,True
35,3,9.8,1,True
35,4,7.7,1,True
35,5,9.0,1,True
35,6,8.0,1,True
35,7,7.8,1,True
35,8,9.7,2,True
35,9,7.1,2,True
35,10,7.1,2,True
35,11,9.0,2,True
35,12,8.6,2,True
35,13,9.2,2,True
35,14,9.4,2,True
36,1,5.3,1,False
36,2,6.7,1,False
36,3,5.0,1,False
36,4,6.9,1,False
36,5,7.4,1,True
36,6,9.9,1,True
36,7,9.4,1,True
38,1,7.0,1,True
38,2,9.1,1,True
38,3,7.7,1,True
38,4,8.9,1,True
38,5,7.9,1,True
38,6,7.8,1,True
38,7,9.0,1,True
38,8,8.8,2,True
38,9,9.1,2,True
38,10,9.7,2,True
38,11,8.2,2,True
38,12,7.4,2,True
38,13,8.6,2,True
38,14,7.2,2,True
39,1,8.1,1,True
39,2,9.7,1,True
39,3,9.1,1,True
39,4,7.5,1,True
39,5,7.7,1,True
39,6,9.7,1,True
39,7,7.5,1,True
40,1,8.3,1,True
40,2,7.2,1,True
40,3,9.5,1,True
40,4,9.9,1,True
40,5,8.0,1,True
40,6,9.1,1,True
40,7,8.9,1,True
41,1,7.9,1,True
41,2,7.1,1,True
41,3,8.4,1,True
41,4,9.5,1,True
41,5,8.3,1,True
41,6,9.3,1,True
41,7,7.1,1,True
41,8,7.6,2,True
41,9,9.4,2,True
41,10,7.3,2,True
41,11,9.5,2,True
41,12,8.2,2,True
41,13,9.6,2,True
41,14,7.2,2,True
42,1,8.6,1,True
42,2,6.6,1,False
42,3,8.1,1,True
42,4,9.5,1,True
42,5,9.8,1,True
42,6,5.7,1,False
42,7,7.1,1,True
42,8,8.2,2,True
42,9,8.7,2,True
42,10,5.6,2,False
42,11,5.4,2,False
42,12,7.1,2,True
42,13,9.4,2,True
42,14,6.0,2,False
42,15,6.8,3,False
42,16,8.2,3,True
42,17,6.5,3,False
42,18,8.6,3,True
42,19,7.7,3,True
42,20,7.2,3,True
42,21,7.5,3,True
42,22,7.6,4,True
42,23,9.7,4,True
42,24,7.4,4,True
42,25,8.3,4,True
42,26,7.7,4,True
42,27,9.4,4,True
42,28,7.0,4,True
43,1,7.2,1,True
43,2,9.4,1,True
43,3,8.1,1,True
43,4,10.0,1,True
43,5,8.1,1,True
43,6,7.0,1,True
43,7,7.5,1,True
43,8,8.1,2,True
43,9,9.1,2,True
43,10,8.9,2,True
43,11,8.1,2,True
43,12,7.9,2,True
43,13,8.7,2,True
43,14,9.1,2,True
44,1,9.2,1,True
44,2,6.5,1,False
44,3,6.0,1,False
44,4,6.2,1,False
44,5,7.2,1,True
44,6,8.9,1,True
44,7,9.1,1,True
44,8,7.1,2,True
44,9,8.0,2,True
44,10,7.9,2,True
44,11,7.4,2,True
44,12,5.7,2,False
44,13,9.1,2,True
44,14,5.0,2,False
44,15,8.4,3,True
44,16,9.8,3,True
44,17,7.1,3,True
44,18,8.9,3,True
44,19,8.3,3,True
44,20,7.2,3,True
44,21,8.8,3,True
44,22,8.9,4,True
44,23,8.6,4,True
44,24,8.5,4,True
44,25,8.9,4,True
44,26,8.7,4,True
44,27,6.3,4,False
44,28,8.6,4,True
45,1,7.8,1,True
45,2,8.9,1,True
45,3,7.3,1,True
45,4,6.8,1,False
45,5,9.4,1,True
45,6,8.1,1,True
45,7,8.9,1,True
46,1,9.9,1,True
46,2,9.3,1,True
46,3,8.8,1,True
46,4,9.8,1,True
46,5,8.4,1,True
46,6,7.5,1,True
46,7,7.0,1,True
48,1,7.6,1,True
48,2,9.8,1,True
48,3,9.9,1,True
48,4,8.8,1,True
48,5,10.0,1,True
48,6,9.0,1,True
48,7,8.8,1,True
48,8,7.2,2,True
48,9,8.7,2,True
48,10,8.6,2,True
48,11,9.6,2,True
48,12,9.8,2,True
48,13,7.6,2,True
48,14,9.8,2,True
48,15,7.5,3,True
48,16,9.6,3,True
48,17,7.9,3,True
48,18,7.0,3,True
48,19,7.8,3,True
48,20,7.2,3,True
48,21,7.6,3,True
50,1,9.8,1,True
50,2,8.9,1,True
50,3,7.5,1,True
50,4,9.4,1,True
50,5,8.6,1,True
50,6,7.8,1,True
50,7,7.8,1,True
50,8,9.7,2,True
50,9,7.4,2,True
50,10,9.0,2,True
50,11,9.8,2,True
50,12,8.0,2,True
50,13,7.2,2,True
50,14,9.3,2,True
50,15,8.7,3,True
50,16,9.2,3,True
50,17,9.8,3,True
50,18,8.7,3,True
50,19,7.6,3,True
50,20,8.4,3,True
50,21,9.2,3,True
50,22,9.3,4,True
50,23,7.2,4,True
50,24,9.7,4,True
50,25,8.9,4,True
50,26,8.6,4,True
50,27,9.3,4,True
50,28,7.7,4,True
51,1,9.3,1,True
51,2,8.7,1,True
51,3,7.2,1,True
51,4,9.4,1,True
51,5,8.3,1,True
51,6,9.5,1,True
51,7,7.3,1,True
51,8,7.7,2,True
51,9,8.6,2,True
51,10,8.8,2,True
51,11,8.4,2,True
51,12,9.4,2,True
51,13,8.8,2,True
51,14,8.7,2,True
51,15,7.9,3,True
51,16,8.5,3,True
51,17,10.0,3,True
51,18,9.5,3,True
51,19,9.9,3,True
51,20,7.3,3,True
51,21,9.2,3,True
51,22,9.2,4,True
51,23,10.0,4,True
51,24,7.4,4,True
51,25,9.7,4,True
51,26,7.7,4,True
51,27,9.5,4,True
51,28,8.3,4,True
53,1,7.2,1,True
53,2,7.9,1,True
53,3,9.8,1,True
53,4,8.0,1,True
53,5,8.3,1,True
53,6,8.4,1,True
53,7,7.3,1,True
53,8,7.7,2,True
53,9,8.5,2,True
53,10,9.3,2,True
53,11,8.7,2,True
53,12,8.7,2,True
53,13,8.6,2,True
53,14,9.6,2,True
55,1,9.1,1,True
55,2,10.0,1,True
55,3,8.0,1,True
55,4,9.4,1,True
55,5,8.2,1,True
55,6,7.5,1,True
55,7,8.1,1,True
56,1,8.4,1,True
56,2,9.2,1,True
56,3,9.0,1,True
56,4,8.0,1,True
56,5,7.8,1,True
56,6,8.4,1,True
56,7,9.3,1,True
56,8,9.8,2,True
56,9,8.1,2,True
56,10,8.7,2,True
56,11,9.2,2,True
56,12,9.0,2,True
56,13,8.4,2,True
56,14,7.0,2,True
56,15,7.7,3,True
56,16,7.2,3,True
56,17,8.9,3,True
56,18,9.5,3,True
56,19,7.7,3,True
56,20,7.5,3,True
56,21,7.7,3,True
57,1,7.2,1,True
57,2,7.9,1,True
57,3,7.6,1,True
57,4,7.1,1,True
57,5,9.5,1,True
57,6,8.6,1,True
57,7,8.9,1,True
57,8,8.3,2,True
57,9,8.5,2,True
57,10,10.0,2,True
57,11,9.5,2,True
57,12,9.7,2,True
57,13,10.0,2,True
57,14,8.3,2,True
57,15,7.7,3,True
57,16,7.7,3,True
57,17,9.1,3,True
57,18,9.7,3,True
57,19,7.6,3,True
57,20,7.6,3,True
57,21,8.4,3,True
57,22,9.8,4,True
57,23,7.4,4,True
57,24,8.2,4,True
57,25,7.4,4,True
57,26,9.8,4,True
57,27,9.0,4,True
57,28,9.6,4,True
58,1,7.2,1,True
58,2,8.8,1,True
58,3,7.6,1,True
58,4,7.2,1,True
58,5,8.8,1,True
58,6,8.6,1,True
58,7,7.1,1,True
58,8,8.0,2,True
58,9,9.3,2,True
58,10,7.0,2,True
58,11,8.5,2,True
58,12,7.2,2,True
58,13,7.9,2,True
58,14,9.7,2,True
58,15,8.0,3,True
58,16,9.9,3,True
58,17,9.1,3,True
58,18,9.8,3,True
58,19,9.9,3,True
58,20,9.7,3,True
58,21,7.0,3,True
60,1,9.9,1,True
60,2,8.4,1,True
60,3,9.8,1,True
60,4,7.4,1,True
60,5,8.4,1,True
60,6,8.0,1,True
60,7,8.5,1,True
60,8,7.8,2,True
60,9,9.9,2,True
60,10,9.8,2,True
60,11,8.0,2,True
60,12,10.0,2,True
60,13,9.6,2,True
60,14,9.6,2,True
60,15,8.7,3,True
60,16,8.1,3,True
60,17,10.0,3,True
60,18,9.4,3,True
60,19,7.1,3,True
60,20,9.0,3,True
60,21,7.9,3,True
61,1,9.5,1,True
61,2,8.4,1,True
61,3,7.6,1,True
61,4,9.8,1,True
61,5,8.1,1,True
61,6,9.2,1,True
61,7,7.6,1,True
62,1,7.6,1,True
62,2,8.7,1,True
62,3,9.1,1,True
62,4,7.8,1,True
62,5,9.1,1,True
62,6,9.2,1,True
62,7,8.4,1,True
62,8,8.4,2,True
62,9,7.2,2,True
62,10,9.5,2,True
62,11,9.0,2,True
62,12,8.9,2,True
62,13,7.5,2,True
62,14,8.0,2,True
64,1,7.4,1,True
64,2,7.5,1,True
64,3,8.5,1,True
64,4,9.5,1,True
64,5,8.4,1,True
64,6,9.7,1,True
64,7,7.7,1,True
64,8,7.2,2,True
64,9,8.6,2,True
64,10,9.7,2,True
64,11,9.3,2,True
64,12,8.4,2,True
64,13,8.9,2,True
64,14,9.0,2,True
64,15,9.1,3,True
64,16,7.7,3,True
64,17,9.3,3,True
64,18,7.1,3,True
64,19,8.2,3,True
64,20,7.5,3,True
64,21,8.1,3,True
64,22,7.1,4,True
64,23,7.7,4,True
64,24,7.3,4,True
64,25,8.7,4,True
64,26,9.0,4,True
64,27,9.4,4,True
64,28,8.2,4,True
65,1,9.7,1,True
65,2,9.3,1,True
65,3,8.1,1,True
65,4,8.9,1,True
65,5,8.3,1,True
65,6,7.2,1,True
65,7,9.9,1,True
65,8,9.4,2,True
65,9,7.8,2,True
65,10,8.9,2,True
65,11,8.4,2,True
65,12,9.0,2,True
65,13,8.7,2,True
65,14,7.6,2,True
65,15,9.0,3,True
65,16,7.6,3,True
65,17,8.1,3,True
65,18,8.8,3,True
65,19,7.4,3,True
65,20,7.7,3,True
65,21,7.9,3,True
66,1,8.5,1,True
66,2,6.6,1,False
66,3,6.4,1,False
66,4,5.3,1,False
66,5,6.0,1,False
66,6,8.9,1,True
66,7,7.1,1,True
66,8,8.0,2,True
66,9,9.7,2,True
66,10,7.3,2,True
66,11,8.9,2,True
66,12,9.1,2,True
66,13,7.6,2,True
66,14,9.3,2,True
67,1,9.2,1,True
67,2,7.3,1,True
67,3,8.6,1,True
67,4,7.4,1,True
67,5,8.9,1,True
67,6,9.6,1,True
67,7,8.9,1,True
67,8,7.5,2,True
67,9,9.9,2,True
67,10,9.3,2,True
67,11,9.0,2,True
67,12,8.5,2,True
67,13,9.5,2,True
67,14,8.5,2,True
67,15,9.2,3,True
67,16,8.6,3,True
67,17,7.3,3,True
67,18,8.3,3,True
67,19,7.3,3,True
67,20,8.4,3,True
67,21,9.0,3,True
67,22,9.3,4,True
67,23,9.5,4,True
67,24,9.4,4,True
67,25,7.7,4,True
67,26,9.0,4,True
67,27,7.8,4,True
67,28,8.5,4,True
68,1,7.9,1,True
68,2,9.8,1,True
68,3,7.7,1,True
68,4,7.0,1,True
68,5,8.9,1,True
68,6,7.7,1,True
68,7,9.7,1,True
68,8,8.6,2,True
68,9,9.6,2,True
68,10,8.7,2,True
68,11,7.1,2,True
68,12,8.3,2,True
68,13,8.3,2,True
68,14,9.7,2,True
68,15,7.8,3,True
68,16,8.4,3,True
68,17,9.4,3,True
68,18,7.8,3,True
68,19,8.8,3,True
68,20,9.5,3,True
68,21,8.2,3,True
68,22,7.9,4,True
68,23,7.8,4,True
68,24,9.1,4,True
68,25,8.9,4,True
68,26,9.5,4,True
68,27,8.9,4,True
68,28,7.3,4,True
71,1,9.2,1,True
71,2,7.1,1,True
71,3,8.4,1,True
71,4,9.1,1,True
71,5,9.7,1,True
71,6,8.7,1,True
71,7,8.0,1,True
71,8,7.1,2,True
71,9,9.0,2,True
71,10,7.2,2,True
71,11,7.0,2,True
71,12,7.9,2,True
71,13,8.1,2,True
71,14,7.7,2,True
71,15,7.7,3,True
71,16,9.3,3,True
71,17,7.4,3,True
71,18,7.0,3,True
71,19,8.5,3,True
71,20,7.7,3,True
71,21,9.0,3,True
72,1,8.0,1,True
72,2,8.4,1,True
72,3,7.6,1,True
72,4,10.0,1,True
72,5,8.1,1,True
72,6,8.0,1,True
72,7,8.7,1,True
73,1,7.5,1,True
73,2,7.3,1,True
73,3,9.3,1,True
73,4,8.4,1,True
73,5,7.8,1,True
73,6,8.7,1,True
73,7,8.9,1,True
73,8,9.9,2,True
73,9,9.6,2,True
73,10,9.4,2,True
73,11,7.5,2,True
73,12,9.8,2,True
73,13,7.6,2,True
73,14,8.3,2,True
73,15,8.3,3,True
73,16,9.2,3,True
73,17,7.7,3,True
73,18,9.5,3,True
73,19,9.3,3,True
73,20,8.9,3,True
73,21,8.8,3,True
76,1,7.2,1,True
76,2,8.2,1,True
76,3,8.9,1,True
76,4,8.1,1,True
76,5,9.7,1,True
76,6,7.4,1,True
76,7,8.2,1,True
76,8,8.9,2,True
76,9,8.3,2,True
76,10,8.1,2,True
76,11,8.5,2,True
76,12,8.6,2,True
76,13,9.0,2,True
76,14,9.5,2,True
77,1,9.0,1,True
77,2,7.4,1,True
77,3,9.7,1,True
77,4,9.2,1,True
77,5,8.9,1,True
77,6,7.8,1,True
77,7,8.8,1,True
77,8,9.2,2,True
77,9,9.3,2,True
77,10,7.3,2,True
77,11,8.1,2,True
77,12,9.5,2,True
77,13,8.7,2,True
77,14,7.3,2,True
78,1,9.7,1,True
78,2,7.0,1,True
78,3,5.3,1,False
78,4,8.1,1,True
78,5,7.1,1,True
78,6,6.6,1,False
78,7,5.9,1,False
78,8,6.9,2,False
78,9,6.9,2,False
78,10,8.1,2,True
78,11,7.4,2,True
78,12,8.6,2,True
78,13,7.5,2,True
78,14,9.3,2,True
78,15,5.6,3,False
78,16,9.4,3,True
78,17,8.6,3,True
78,18,8.9,3,True
78,19,9.7,3,True
78,20,9.8,3,True
78,21,8.6,3,True
79,1,7.2,1,True
79,2,9.2,1,True
79,3,7.3,1,True
79,4,9.9,1,True
79,5,7.4,1,True
79,6,8.5,1,True
79,7,9.5,1,True
79,8,8.6,2,True
79,9,7.4,2,True
79,10,8.1,2,True
79,11,7.9,2,True
79,12,8.6,2,True
79,13,7.4,2,True
79,14,8.7,2,True
79,15,7.7,3,True
79,16,7.1,3,True
79,17,10.0,3,True
79,18,8.6,3,True
79,19,8.8,3,True
79,20,8.5,3,True
79,21,8.6,3,True
80,1,7.7,1,True
80,2,7.5,1,True
80,3,7.3,1,True
80,4,8.8,1,True
80,5,8.5,1,True
80,6,9.8,1,True
80,7,9.0,1,True
80,8,7.2,2,True
80,9,7.4,2,True
80,10,7.3,2,True
80,11,9.5,2,True
80,12,7.8,2,True
80,13,8.2,2,True
80,14,9.3,2,True
80,15,8.3,3,True
80,16,7.2,3,True
80,17,7.7,3,True
80,18,9.4,3,True
80,19,8.9,3,True
80,20,9.3,3,True
80,21,8.4,3,True
81,1,8.0,1,True
81,2,8.1,1,True
81,3,9.6,1,True
81,4,8.7,1,True
81,5,7.8,1,True
81,6,7.9,1,True
81,7,7.6,1,True
81,8,9.1,2,True
81,9,7.0,2,True
81,10,8.3,2,True
81,11,8.9,2,True
81,12,7.5,2,True
81,13,7.5,2,True
81,14,9.0,2,True
81,15,9.8,3,True
81,16,7.4,3,True
81,17,8.7,3,True
81,18,7.6,3,True
81,19,7.5,3,True
81,20,8.8,3,True
81,21,8.7,3,True
82,1,9.7,1,True
82,2,7.3,1,True
82,3,8.0,1,True
82,4,5.0,1,False
82,5,9.9,1,True
82,6,9.8,1,True
82,7,6.6,1,False
82,8,5.8,2,False
82,9,9.9,2,True
82,10,7.7,2,True
82,11,9.0,2,True
82,12,8.4,2,True
82,13,8.8,2,True
82,14,6.9,2,False
83,1,9.5,1,True
83,2,9.1,1,True
83,3,9.9,1,True
83,4,9.7,1,True
83,5,7.1,1,True
83,6,8.6,1,True
83,7,7.6,1,True
84,1,7.3,1,True
84,2,9.5,1,True
84,3,8.7,1,True
84,4,8.7,1,True
84,5,9.0,1,True
84,6,9.4,1,True
84,7,7.7,1,True
84,8,9.1,2,True
84,9,9.7,2,True
84,10,7.5,2,True
84,11,9.2,2,True
84,12,8.7,2,True
84,13,8.1,2,True
84,14,9.7,2,True
85,1,7.2,1,True
85,2,8.1,1,True
85,3,7.6,1,True
85,4,7.4,1,True
85,5,7.5,1,True
85,6,9.2,1,True
85,7,7.1,1,True
86,1,9.2,1,True
86,2,9.7,1,True
86,3,9.2,1,True
86,4,8.6,1,True
86,5,9.5,1,True
86,6,7.7,1,True
86,7,8.1,1,True
86,8,8.6,2,True
86,9,8.2,2,True
86,10,7.6,2,True
86,11,9.5,2,True
86,12,7.2,2,True
86,13,9.5,2,True
86,14,9.7,2,True
86,15,8.8,3,True
86,16,8.0,3,True
86,17,9.4,3,True
86,18,7.1,3,True
86,19,9.4,3,True
86,20,7.7,3,True
86,21,8.5,3,True
86,22,7.9,4,True
86,23,7.7,4,True
86,24,7.8,4,True
86,25,9.6,4,True
86,26,9.0,4,True
86,27,7.4,4,True
86,28,8.9,4,True
88,1,8.3,1,True
88,2,7.1,1,True
88,3,7.5,1,True
88,4,9.1,1,True
88,5,8.9,1,True
88,6,7.1,1,True
88,7,9.8,1,True
88,8,7.3,2,True
88,9,8.8,2,True
88,10,8.0,2,True
88,11,7.0,2,True
88,12,8.5,2,True
88,13,9.3,2,True
88,14,7.1,2,True
88,15,7.9,3,True
88,16,8.7,3,True
88,17,7.5,3,True
88,18,9.5,3,True
88,19,8.6,3,True
88,20,9.1,3,True
88,21,8.2,3,True
89,1,9.6,1,True
89,2,7.7,1,True
89,3,9.6,1,True
89,4,9.9,1,True
89,5,7.9,1,True
89,6,8.9,1,True
89,7,9.2,1,True
89,8,8.4,2,True
89,9,7.2,2,True
89,10,7.2,2,True
89,11,7.4,2,True
89,12,9.4,2,True
89,13,9.7,2,True
89,14,9.7,2,True
90,1,8.0,1,True
90,2,8.8,1,True
90,3,9.5,1,True
90,4,9.6,1,True
90,5,8.1,1,True
90,6,7.7,1,True
90,7,7.7,1,True
90,8,9.4,2,True
90,9,9.6,2,True
90,10,8.7,2,True
90,11,9.0,2,True
90,12,7.8,2,True
90,13,7.8,2,True
90,14,9.1,2,True
90,15,7.9,3,True
90,16,8.2,3,True
90,17,8.7,3,True
90,18,8.4,3,True
90,19,8.5,3,True
90,20,9.1,3,True
90,21,7.5,3,True
91,1,9.2,1,True
91,2,8.1,1,True
91,3,8.2,1,True
91,4,8.6,1,True
91,5,8.0,1,True
91,6,7.3,1,True
91,7,8.9,1,True
91,8,9.3,2,True
91,9,8.8,2,True
91,10,8.7,2,True
91,11,9.0,2,True
91,12,8.6,2,True
91,13,8.1,2,True
91,14,8.8,2,True
91,15,9.0,3,True
91,16,7.4,3,True
91,17,9.8,3,True
91,18,9.5,3,True
91,19,8.3,3,True
91,20,9.0,3,True
91,21,8.3,3,True
91,22,9.4,4,True
91,23,9.2,4,True
91,24,8.4,4,True
91,25,9.4,4,True
91,26,10.0,4,True
91,27,9.9,4,True
91,28,8.6,4,True
92,1,9.2,1,True
92,2,8.4,1,True
92,3,7.2,1,True
92,4,8.8,1,True
92,5,7.9,1,True
92,6,9.7,1,True
92,7,7.5,1,True
93,1,7.6,1,True
93,2,9.2,1,True
93,3,7.6,1,True
93,4,9.8,1,True
93,5,7.0,1,True
93,6,8.5,1,True
93,7,8.3,1,True
94,1,8.8,1,True
94,2,7.2,1,True
94,3,7.9,1,True
94,4,10.0,1,True
94,5,9.2,1,True
94,6,9.8,1,True
94,7,7.7,1,True
94,8,7.0,2,True
94,9,8.5,2,True
94,10,8.6,2,True
94,11,8.1,2,True
94,12,7.3,2,True
94,13,8.7,2,True
94,14,8.1,2,True
94,15,7.2,3,True
94,16,8.9,3,True
94,17,8.9,3,True
94,18,9.0,3,True
94,19,8.4,3,True
94,20,7.5,3,True
94,21,8.5,3,True
95,1,8.8,1,True
95,2,7.5,1,True
95,3,7.2,1,True
95,4,7.1,1,True
95,5,9.3,1,True
95,6,7.1,1,True
95,7,9.5,1,True
95,8,9.0,2,True
95,9,9.8,2,True
95,10,8.8,2,True
95,11,7.7,2,True
95,12,9.2,2,True
95,13,8.1,2,True
95,14,7.8,2,True
95,15,7.2,3,True
95,16,8.1,3,True
95,17,9.3,3,True
95,18,8.4,3,True
95,19,9.6,3,True
95,20,9.6,3,True
95,21,8.1,3,True
96,1,5.6,1,False
96,2,9.4,1,True
96,3,7.4,1,True
96,4,10.0,1,True
96,5,5.5,1,False
96,6,5.2,1,False
96,7,8.4,1,True
96,8,8.7,2,True
96,9,5.1,2,False
96,10,7.3,2,True
96,11,9.2,2,True
96,12,9.9,2,True
96,13,7.9,2,True
96,14,8.0,2,True
97,1,6.6,1,False
97,2,6.8,1,False
97,3,8.6,1,True
97,4,7.5,1,True
97,5,7.8,1,True
97,6,9.7,1,True
97,7,8.3,1,True
97,8,8.4,2,True
97,9,6.7,2,False
97,10,8.8,2,True
97,11,9.9,2,True
97,12,8.9,2,True
97,13,5.1,2,False
97,14,7.6,2,True
97,15,7.1,3,True
97,16,8.8,3,True
97,17,8.9,3,True
97,18,8.5,3,True
97,19,8.2,3,True
97,20,9.2,3,True
97,21,9.5,3,True
97,22,5.8,4,False
97,23,8.6,4,True
97,24,9.6,4,True
97,25,7.5,4,True
97,26,8.2,4,True
97,27,9.9,4,True
97,28,9.7,4,True
98,1,8.8,1,True
98,2,8.7,1,True
98,3,9.1,1,True
98,4,9.7,1,True
98,5,9.4,1,True
98,6,9.6,1,True
98,7,9.7,1,True
98,8,8.2,2,True
98,9,9.9,2,True
98,10,8.3,2,True
98,11,9.3,2,True
98,12,8.8,2,True
98,13,9.7,2,True
98,14,9.3,2,True
98,15,7.3,3,True
98,16,8.8,3,True
98,17,7.8,3,True
98,18,7.8,3,True
98,19,7.5,3,True
98,20,8.2,3,True
98,21,7.2,3,True
100,1,7.0,1,True
100,2,9.5,1,True
100,3,8.1,1,True
100,4,9.2,1,True
100,5,7.9,1,True
100,6,9.6,1,True
100,7,8.7,1,True
101,1,5.0,1,False
101,2,8.1,1,True
101,3,9.9,1,True
101,4,8.4,1,True
101,5,9.7,1,True
101,6,8.1,1,True
101,7,9.0,1,True
101,8,8.4,2,True
101,9,7.6,2,True
101,10,10.0,2,True
101,11,6.4,2,False
101,12,7.5,2,True
101,13,7.5,2,True
101,14,6.7,2,False
101,15,8.6,3,True
101,16,9.3,3,True
101,17,5.1,3,False
101,18,5.7,3,False
101,19,8.6,3,True
101,20,8.7,3,True
101,21,8.3,3,True
101,22,5.3,4,False
101,23,8.0,4,True
101,24,8.8,4,True
101,25,9.2,4,True
101,26,9.9,4,True
101,27,6.6,4,False
101,28,8.8,4,True
102,1,9.7,1,True
102,2,9.0,1,True
102,3,8.3,1,True
102,4,7.2,1,True
102,5,9.5,1,True
102,6,7.6,1,True
102,7,7.8,1,True
102,8,9.8,2,True
102,9,9.5,2,True
102,10,9.4,2,True
102,11,9.4,2,True
102,12,9.3,2,True
102,13,7.4,2,True
102,14,8.4,2,True
102,15,9.1,3,True
102,16,7.3,3,True
102,17,8.8,3,True
102,18,9.9,3,True
102,19,9.3,3,True
102,20,7.8,3,True
102,21,7.8,3,True
102,22,7.1,4,True
102,23,8.9,4,True
102,24,9.7,4,True
102,25,7.2,4,True
102,26,7.7,4,True
102,27,8.8,4,True
102,28,7.8,4,True
103,1,8.5,1,True
103,2,9.5,1,True
103,3,9.8,1,True
103,4,9.4,1,True
103,5,8.0,1,True
103,6,7.4,1,True
103,7,8.6,1,True
103,8,9.6,2,True
103,9,8.4,2,True
103,10,7.6,2,True
103,11,7.8,2,True
103,12,9.2,2,True
103,13,9.2,2,True
103,14,8.7,2,True
103,15,9.4,3,True
103,16,7.5,3,True
103,17,7.3,3,True
103,18,7.1,3,True
103,19,9.8,3,True
103,20,9.9,3,True
103,21,8.2,3,True
107,1,9.5,1,True
107,2,5.5,1,False
107,3,5.1,1,False
107,4,7.4,1,True
107,5,5.2,1,False
107,6,7.7,1,True
107,7,9.8,1,True
107,8,8.3,2,True
107,9,8.7,2,True
107,10,9.2,2,True
107,11,7.5,2,True
107,12,8.0,2,True
107,13,9.3,2,True
107,14,7.7,2,True
107,15,9.1,3,True
107,16,9.4,3,True
107,17,9.8,3,True
107,18,8.5,3,True
107,19,8.5,3,True
107,20,8.9,3,True
107,21,7.5,3,True
109,1,7.9,1,True
109,2,9.8,1,True
109,3,9.7,1,True
109,4,7.0,1,True
109,5,8.8,1,True
109,6,9.6,1,True
109,7,7.4,1,True
109,8,9.3,2,True
109,9,8.1,2,True
109,10,8.1,2,True
109,11,7.2,2,True
109,12,8.4,2,True
109,13,8.3,2,True
109,14,8.4,2,True
110,1,9.3,1,True
110,2,8.9,1,True
110,3,9.3,1,True
110,4,9.5,1,True
110,5,8.8,1,True
110,6,7.1,1,True
110,7,8.3,1,True
110,8,9.0,2,True
110,9,8.0,2,True
110,10,7.7,2,True
110,11,9.1,2,True
110,12,7.8,2,True
110,13,9.7,2,True
110,14,8.2,2,True
110,15,8.7,3,True
110,16,7.2,3,True
110,17,7.8,3,True
110,18,8.5,3,True
110,19,9.5,3,True
110,20,8.0,3,True
110,21,7.4,3,True
110,22,7.4,4,True
110,23,9.1,4,True
110,24,9.3,4,True
110,25,7.4,4,True
110,26,8.4,4,True
110,27,10.0,4,True
110,28,9.4,4,True
111,1,7.7,1,True
111,2,8.2,1,True
111,3,8.7,1,True
111,4,7.7,1,True
111,5,8.1,1,True
111,6,7.3,1,True
111,7,8.7,1,True
111,8,8.7,2,True
111,9,7.3,2,True
111,10,8.3,2,True
111,11,9.1,2,True
111,12,9.5,2,True
111,13,7.4,2,True
111,14,7.7,2,True
113,1,7.3,1,True
113,2,9.3,1,True
113,3,7.3,1,True
113,4,7.8,1,True
113,5,8.1,1,True
113,6,9.3,1,True
113,7,9.7,1,True
113,8,7.3,2,True
113,9,8.8,2,True
113,10,9.6,2,True
113,11,7.8,2,True
113,12,8.4,2,True
113,13,7.8,2,True
113,14,9.3,2,True
114,1,7.4,1,True
114,2,9.0,1,True
114,3,9.2,1,True
114,4,7.1,1,True
114,5,8.5,1,True
114,6,9.6,1,True
114,7,9.3,1,True
114,8,7.3,2,True
114,9,7.8,2,True
114,10,9.2,2,True
114,11,7.1,2,True
114,12,7.3,2,True
114,13,7.1,2,True
114,14,8.3,2,True
114,15,8.1,3,True
114,16,8.0,3,True
114,17,9.8,3,True
114,18,9.5,3,True
114,19,8.2,3,True
114,20,7.1,3,True
114,21,7.8,3,True
115,1,7.7,1,True
115,2,8.7,1,True
115,3,7.8,1,True
115,4,9.9,1,True
115,5,7.8,1,True
115,6,9.3,1,True
115,7,7.9,1,True
115,8,8.8,2,True
115,9,9.9,2,True
115,10,7.6,2,True
115,11,9.1,2,True
115,12,7.5,2,True
115,13,8.2,2,True
115,14,9.3,2,True
115,15,9.6,3,True
115,16,9.0,3,True
115,17,9.4,3,True
115,18,9.7,3,True
115,19,7.1,3,True
115,20,9.8,3,True
115,21,7.3,3,True
117,1,7.3,1,True
117,2,8.9,1,True
117,3,8.9,1,True
117,4,8.4,1,True
117,5,9.0,1,True
117,6,10.0,1,True
117,7,9.6,1,True
118,1,8.5,1,True
118,2,8.3,1,True
118,3,9.7,1,True
118,4,8.6,1,True
118,5,9.1,1,True
118,6,9.8,1,True
118,7,9.8,1,True
118,8,7.9,2,True
118,9,9.0,2,True
118,10,8.3,2,True
118,11,9.4,2,True
118,12,7.5,2,True
118,13,10.0,2,True
118,14,9.4,2,True
118,15,8.6,3,True
118,16,8.4,3,True
118,17,9.8,3,True
118,18,8.1,3,True
118,19,7.5,3,True
118,20,9.9,3,True
118,21,9.3,3,True
119,1,8.8,1,True
119,2,8.7,1,True
119,3,7.7,1,True
119,4,7.1,1,True
119,5,7.9,1,True
119,6,7.6,1,True
119,7,8.9,1,True
120,1,7.7,1,True
120,2,9.8,1,True
120,3,9.1,1,True
120,4,8.2,1,True
120,5,9.3,1,True
120,6,8.3,1,True
120,7,8.6,1,True
120,8,7.7,2,True
120,9,7.6,2,True
120,10,9.3,2,True
120,11,7.1,2,True
120,12,7.5,2,True
120,13,8.7,2,True
120,14,8.0,2,True
120,15,9.8,3,True
120,16,7.9,3,True
120,17,9.3,3,True
120,18,7.9,3,True
120,19,9.5,3,True
120,20,7.1,3,True
120,21,8.9,3,True
120,22,8.3,4,True
120,23,9.4,4,True
120,24,7.6,4,True
120,25,8.3,4,True
120,26,8.2,4,True
120,27,9.4,4,True
120,28,9.8,4,True
121,1,8.7,1,True
121,2,8.5,1,True
121,3,9.8,1,True
121,4,7.2,1,True
121,5,8.9,1,True
121,6,7.8,1,True
121,7,9.1,1,True
122,1,9.9,1,True
122,2,7.0,1,True
122,3,7.1,1,True
122,4,7.9,1,True
122,5,8.5,1,True
122,6,8.3,1,True
122,7,9.2,1,True
122,8,9.6,2,True
122,9,9.3,2,True
122,10,8.9,2,True
122,11,8.7,2,True
122,12,9.3,2,True
122,13,8.6,2,True
122,14,7.1,2,True
122,15,7.6,3,True
122,16,7.9,3,True
122,17,7.8,3,True
122,18,8.8,3,True
122,19,7.3,3,True
122,20,7.6,3,True
122,21,8.7,3,True
123,1,7.5,1,True
123,2,9.9,1,True
123,3,8.0,1,True
123,4,9.5,1,True
123,5,8.5,1,True
123,6,8.0,1,True
123,7,8.7,1,True
124,1,9.6,1,True
124,2,8.6,1,True
124,3,8.9,1,True
124,4,7.5,1,True
124,5,7.5,1,True
124,6,7.9,1,True
124,7,8.5,1,True
124,8,9.5,2,True
124,9,7.6,2,True
124,10,8.3,2,True
124,11,8.8,2,True
124,12,7.8,2,True
124,13,9.9,2,True
124,14,8.3,2,True
124,15,9.1,3,True
124,16,8.1,3,True
124,17,9.0,3,True
124,18,7.2,3,True
124,19,8.5,3,True
124,20,9.9,3,True
124,21,7.2,3,True
124,22,8.4,4,True
124,23,8.5,4,True
124,24,9.2,4,True
124,25,7.4,4,True
124,26,7.7,4,True
124,27,8.1,4,True
124,28,8.3,4,True
125,1,8.2,1,True
125,2,9.3,1,True
125,3,8.6,1,True
125,4,7.8,1,True
125,5,10.0,1,True
125,6,8.2,1,True
125,7,7.3,1,True
127,1,8.2,1,True
127,2,9.6,1,True
127,3,8.1,1,True
127,4,9.6,1,True
127,5,8.7,1,True
127,6,9.2,1,True
127,7,9.4,1,True
128,1,8.3,1,True
128,2,9.9,1,True
128,3,5.8,1,False
128,4,7.3,1,True
128,5,7.6,1,True
128,6,7.7,1,True
128,7,9.6,1,True
128,8,5.2,2,False
128,9,9.6,2,True
128,10,9.3,2,True
128,11,9.4,2,True
128,12,5.8,2,False
128,13,7.8,2,True
128,14,8.9,2,True
128,15,9.1,3,True
128,16,9.3,3,True
128,17,8.8,3,True
128,18,6.5,3,False
128,19,9.8,3,True
128,20,8.2,3,True
128,21,8.1,3,True
129,1,7.6,1,True
129,2,7.8,1,True
129,3,9.6,1,True
129,4,8.6,1,True
129,5,7.1,1,True
129,6,9.8,1,True
129,7,7.2,1,True
130,1,7.5,1,True
130,2,7.9,1,True
130,3,8.6,1,True
130,4,7.0,1,True
130,5,8.4,1,True
130,6,8.2,1,True
130,7,7.8,1,True
131,1,7.3,1,True
131,2,7.2,1,True
131,3,7.4,1,True
131,4,9.9,1,True
131,5,7.6,1,True
131,6,8.6,1,True
131,7,8.8,1,True
132,1,8.3,1,True
132,2,9.6,1,True
132,3,7.4,1,True
132,4,7.7,1,True
132,5,8.2,1,True
132,6,8.5,1,True
132,7,8.2,1,True
132,8,9.2,2,True
132,9,8.6,2,True
132,10,7.1,2,True
132,11,8.1,2,True
132,12,7.0,2,True
132,13,9.9,2,True
132,14,8.7,2,True
132,15,7.8,3,True
132,16,7.0,3,True
132,17,7.8,3,True
132,18,7.0,3,True
132,19,7.2,3,True
132,20,8.9,3,True
132,21,8.0,3,True
132,22,8.9,4,True
132,23,9.0,4,True
132,24,8.9,4,True
132,25,8.8,4,True
132,26,8.9,4,True
132,27,7.5,4,True
132,28,9.1,4,True
133,1,9.4,1,True
133,2,9.6,1,True
133,3,8.7,1,True
133,4,8.0,1,True
133,5,9.3,1,True
133,6,7.8,1,True
133,7,7.2,1,True
133,8,7.3,2,True
133,9,7.2,2,True
133,10,7.9,2,True
133,11,8.9,2,True
133,12,7.4,2,True
133,13,7.0,2,True
133,14,9.6,2,True
133,15,9.4,3,True
133,16,9.3,3,True
133,17,9.5,3,True
133,18,7.3,3,True
133,19,7.5,3,True
133,20,8.4,3,True
133,21,8.6,3,True
133,22,8.6,4,True
133,23,7.3,4,True
133,24,9.7,4,True
133,25,7.4,4,True
133,26,9.9,4,True
133,27,8.5,4,True
133,28,8.7,4,True
135,1,9.7,1,True
135,2,9.7,1,True
135,3,7.6,1,True
135,4,9.9,1,True
135,5,7.4,1,True
135,6,8.5,1,True
135,7,7.8,1,True
135,8,7.6,2,True
135,9,8.9,2,True
135,10,8.7,2,True
135,11,8.5,2,True
135,12,9.4,2,True
135,13,8.7,2,True
135,14,8.4,2,True
135,15,7.5,3,True
135,16,7.5,3,True
135,17,8.9,3,True
135,18,8.8,3,True
135,19,8.5,3,True
135,20,8.6,3,True
135,21,9.4,3,True
135,22,9.3,4,True
135,23,9.7,4,True
135,24,7.9,4,True
135,25,7.7,4,True
135,26,8.9,4,True
135,27,7.4,4,True
135,28,7.7,4,True
137,1,8.2,1,True
137,2,7.4,1,True
137,3,8.9,1,True
137,4,8.7,1,True
137,5,9.9,1,True
137,6,7.2,1,True
137,7,8.7,1,True
137,8,7.9,2,True
137,9,9.6,2,True
137,10,9.1,2,True
137,11,9.5,2,True
137,12,8.6,2,True
137,13,7.1,2,True
137,14,9.1,2,True
138,1,9.3,1,True
138,2,9.8,1,True
138,3,7.4,1,True
138,4,7.4,1,True
138,5,9.7,1,True
138,6,9.4,1,True
138,7,8.0,1,True
140,1,9.5,1,True
140,2,8.2,1,True
140,3,7.3,1,True
140,4,8.4,1,True
140,5,7.8,1,True
140,6,7.9,1,True
140,7,9.6,1,True
140,8,8.7,2,True
140,9,8.5,2,True
140,10,7.7,2,True
140,11,9.1,2,True
140,12,8.4,2,True
140,13,8.0,2,True
140,14,8.5,2,True
141,1,9.2,1,True
141,2,9.9,1,True
141,3,9.3,1,True
141,4,9.4,1,True
141,5,9.1,1,True
141,6,8.1,1,True
141,7,8.5,1,True
141,8,9.1,2,True
141,9,9.4,2,True
141,10,7.5,2,True
141,11,10.0,2,True
141,12,7.5,2,True
141,13,8.5,2,True
141,14,9.2,2,True
142,1,7.6,1,True
142,2,8.0,1,True
142,3,9.0,1,True
142,4,8.5,1,True
142,5,9.2,1,True
142,6,5.8,1,False
142,7,7.5,1,True
145,1,7.5,1,True
145,2,7.1,1,True
145,3,9.7,1,True
145,4,8.5,1,True
145,5,9.1,1,True
145,6,8.8,1,True
145,7,7.8,1,True
145,8,9.4,2,True
145,9,8.4,2,True
145,10,7.1,2,True
145,11,8.2,2,True
145,12,7.5,2,True
145,13,9.1,2,True
145,14,7.4,2,True
145,15,7.7,3,True
145,16,9.3,3,True
145,17,9.9,3,True
145,18,8.0,3,True
145,19,8.6,3,True
145,20,7.9,3,True
145,21,7.6,3,True
146,1,8.3,1,True
146,2,9.7,1,True
146,3,7.8,1,True
146,4,8.1,1,True
146,5,8.8,1,True
146,6,7.1,1,True
146,7,7.7,1,True
146,8,8.0,2,True
146,9,7.2,2,True
146,10,9.9,2,True
146,11,8.9,2,True
146,12,8.9,2,True
146,13,7.0,2,True
146,14,8.9,2,True
146,15,9.1,3,True
146,16,9.7,3,True
146,17,7.2,3,True
146,18,8.8,3,True
146,19,8.5,3,True
146,20,7.1,3,True
146,21,7.0,3,True
146,22,9.2,4,True
146,23,7.6,4,True
146,24,9.6,4,True
146,25,8.4,4,True
146,26,8.0,4,True
146,27,9.7,4,True
146,28,9.1,4,True
147,1,9.7,1,True
147,2,9.3,1,True
147,3,7.4,1,True
147,4,8.4,1,True
147,5,7.4,1,True
147,6,8.5,1,True
147,7,9.1,1,True
148,1,7.8,1,True
148,2,9.0,1,True
148,3,7.4,1,True
148,4,8.2,1,True
148,5,7.7,1,True
148,6,7.3,1,True
148,7,8.6,1,True
148,8,9.2,2,True
148,9,8.5,2,True
148,10,9.2,2,True
148,11,8.0,2,True
148,12,8.1,2,True
148,13,9.0,2,True
148,14,9.8,2,True
148,15,9.6,3,True
148,16,8.8,3,True
148,17,9.8,3,True
148,18,8.5,3,True
148,19,9.6,3,True
148,20,7.5,3,True
148,21,7.3,3,True
148,22,7.0,4,True
148,23,7.2,4,True
148,24,8.7,4,True
148,25,9.3,4,True
148,26,7.5,4,True
148,27,8.3,4,True
148,28,9.2,4,True
149,1,8.0,1,True
149,2,7.4,1,True
149,3,9.5,1,True
149,4,7.2,1,True
149,5,7.2,1,True
149,6,7.0,1,True
149,7,8.2,1,True
150,1,10.0,1,True
150,2,8.3,1,True
150,3,9.7,1,True
150,4,7.7,1,True
150,5,8.4,1,True
150,6,9.9,1,True
150,7,8.6,1,True
150,8,9.9,2,True
150,9,9.1,2,True
150,10,9.5,2,True
150,11,7.7,2,True
150,12,8.7,2,True
150,13,8.0,2,True
150,14,7.8,2,True
150,15,8.0,3,True
150,16,9.3,3,True
150,17,8.1,3,True
150,18,7.4,3,True
150,19,9.1,3,True
150,20,9.5,3,True
150,21,8.3,3,True
151,1,9.8,1,True
151,2,9.2,1,True
151,3,7.5,1,True
151,4,9.6,1,True
151,5,8.7,1,True
151,6,9.3,1,True
151,7,7.4,1,True
151,8,7.7,2,True
151,9,7.2,2,True
151,10,9.2,2,True
151,11,8.4,2,True
151,12,9.2,2,True
151,13,9.4,2,True
151,14,8.4,2,True
151,15,7.9,3,True
151,16,9.6,3,True
151,17,8.6,3,True
151,18,8.4,3,True
151,19,7.8,3,True
151,20,9.9,3,True
151,21,9.5,3,True
151,22,7.0,4,True
151,23,7.9,4,True
151,24,7.4,4,True
151,25,7.9,4,True
151,26,8.3,4,True
151,27,7.1,4,True
151,28,9.3,4,True
152,1,9.0,1,True
152,2,7.8,1,True
152,3,10.0,1,True
152,4,6.8,1,False
152,5,9.9,1,True
152,6,6.9,1,False
152,7,8.0,1,True
153,1,7.8,1,True
153,2,7.8,1,True
153,3,8.6,1,True
153,4,8.1,1,True
153,5,7.6,1,True
153,6,8.7,1,True
153,7,9.1,1,True
153,8,9.8,2,True
153,9,8.2,2,True
153,10,9.9,2,True
153,11,8.4,2,True
153,12,7.6,2,True
153,13,7.4,2,True
153,14,8.9,2,True
153,15,8.3,3,True
153,16,8.3,3,True
153,17,7.7,3,True
153,18,9.6,3,True
153,19,7.6,3,True
153,20,8.0,3,True
153,21,7.1,3,True
153,22,7.7,4,True
153,23,8.6,4,True
153,24,7.7,4,True
153,25,7.4,4,True
153,26,9.0,4,True
153,27,8.0,4,True
153,28,7.7,4,True
156,1,9.4,1,True
156,2,6.6,1,False
156,3,7.7,1,True
156,4,6.1,1,False
156,5,8.9,1,True
156,6,7.5,1,True
156,7,8.9,1,True
156,8,9.3,2,True
156,9,7.2,2,True
156,10,8.7,2,True
156,11,9.3,2,True
156,12,6.5,2,False
156,13,7.0,2,True
156,14,5.1,2,False
157,1,9.0,1,True
157,2,9.8,1,True
157,3,8.4,1,True
157,4,7.0,1,True
157,5,8.8,1,True
157,6,9.3,1,True
157,7,9.3,1,True
157,8,5.9,2,False
157,9,7.2,2,True
157,10,6.0,2,False
157,11,7.9,2,True
157,12,5.1,2,False
157,13,9.6,2,True
157,14,7.7,2,True
158,1,9.6,1,True
158,2,7.4,1,True
158,3,9.8,1,True
158,4,9.0,1,True
158,5,8.1,1,True
158,6,9.2,1,True
158,7,9.1,1,True
158,8,8.8,2,True
158,9,9.6,2,True
158,10,7.8,2,True
158,11,9.6,2,True
158,12,7.1,2,True
158,13,8.5,2,True
158,14,7.8,2,True
159,1,8.2,1,True
159,2,7.2,1,True
159,3,9.3,1,True
159,4,7.2,1,True
159,5,9.9,1,True
159,6,8.2,1,True
159,7,7.8,1,True
159,8,8.9,2,True
159,9,9.0,2,True
159,10,8.0,2,True
159,11,9.7,2,True
159,12,7.9,2,True
159,13,7.8,2,True
159,14,9.0,2,True
159,15,8.4,3,True
159,16,9.2,3,True
159,17,9.1,3,True
159,18,9.3,3,True
159,19,9.8,3,True
159,20,7.8,3,True
159,21,7.8,3,True
160,1,7.7,1,True
160,2,9.5,1,True
160,3,7.5,1,True
160,4,10.0,1,True
160,5,7.5,1,True
160,6,7.7,1,True
160,7,8.5,1,True
161,1,8.2,1,True
161,2,8.8,1,True
161,3,9.5,1,True
161,4,8.1,1,True
161,5,8.5,1,True
161,6,7.7,1,True
161,7,9.5,1,True
161,8,9.5,2,True
161,9,9.1,2,True
161,10,9.6,2,True
161,11,8.5,2,True
161,12,9.6,2,True
161,13,8.5,2,True
161,14,9.1,2,True
161,15,7.6,3,True
161,16,7.1,3,True
161,17,7.2,3,True
161,18,8.6,3,True
161,19,9.0,3,True
161,20,9.6,3,True
161,21,7.4,3,True
162,1,7.4,1,True
162,2,9.1,1,True
162,3,9.4,1,True
162,4,7.5,1,True
162,5,5.0,1,False
162,6,5.8,1,False
162,7,9.5,1,True
162,8,6.1,2,False
162,9,8.7,2,True
162,10,6.4,2,False
162,11,8.2,2,True
162,12,8.5,2,True
162,13,6.9,2,False
162,14,7.4,2,True
162,15,7.4,3,True
162,16,7.1,3,True
162,17,5.8,3,False
162,18,9.8,3,True
162,19,9.7,3,True
162,20,9.6,3,True
162,21,8.1,3,True
163,1,9.3,1,True
163,2,8.4,1,True
163,3,7.5,1,True
163,4,8.9,1,True
163,5,9.5,1,True
163,6,9.7,1,True
163,7,7.9,1,True
164,1,8.1,1,True
164,2,8.1,1,True
164,3,9.9,1,True
164,4,8.0,1,True
164,5,8.8,1,True
164,6,8.3,1,True
164,7,8.7,1,True
164,8,7.7,2,True
164,9,9.8,2,True
164,10,9.5,2,True
164,11,9.5,2,True
164,12,9.6,2,True
164,13,8.1,2,True
164,14,9.0,2,True
165,1,9.6,1,True
165,2,9.6,1,True
165,3,7.9,1,True
165,4,7.8,1,True
165,5,8.9,1,True
165,6,7.7,1,True
165,7,7.6,1,True
167,1,9.5,1,True
167,2,9.9,1,True
167,3,7.4,1,True
167,4,7.4,1,True
167,5,8.0,1,True
167,6,8.5,1,True
167,7,8.6,1,True
167,8,7.1,2,True
167,9,8.7,2,True
167,10,10.0,2,True
167,11,7.9,2,True
167,12,9.2,2,True
167,13,7.4,2,True
167,14,10.0,2,True
167,15,9.7,3,True
167,16,7.3,3,True
167,17,7.7,3,True
167,18,7.4,3,True
167,19,9.2,3,True
167,20,9.7,3,True
167,21,7.6,3,True
167,22,7.2,4,True
167,23,8.1,4,True
167,24,9.1,4,True
167,25,7.6,4,True
167,26,7.2,4,True
167,27,8.7,4,True
167,28,8.6,4,True
168,1,8.7,1,True
168,2,7.4,1,True
168,3,9.6,1,True
168,4,7.3,1,True
168,5,7.3,1,True
168,6,8.0,1,True
168,7,8.0,1,True
168,8,8.3,2,True
168,9,7.4,2,True
168,10,7.6,2,True
168,11,9.9,2,True
168,12,8.6,2,True
168,13,7.8,2,True
168,14,8.4,2,True
168,15,7.7,3,True
168,16,9.2,3,True
168,17,8.3,3,True
168,18,7.2,3,True
168,19,9.1,3,True
168,20,8.2,3,True
168,21,9.2,3,True
168,22,8.8,4,True
168,23,7.5,4,True
168,24,7.7,4,True
168,25,8.8,4,True
168,26,8.7,4,True
168,27,9.4,4,True
168,28,8.0,4,True
169,1,8.3,1,True
169,2,9.6,1,True
169,3,9.9,1,True
169,4,8.6,1,True
169,5,9.0,1,True
169,6,9.9,1,True
169,7,9.5,1,True
169,8,8.5,2,True
169,9,7.5,2,True
169,10,8.0,2,True
169,11,9.6,2,True
169,12,8.1,2,True
169,13,8.9,2,True
169,14,7.5,2,True
169,15,8.8,3,True
169,16,9.4,3,True
169,17,9.4,3,True
169,18,7.9,3,True
169,19,8.6,3,True
169,20,7.0,3,True
169,21,8.8,3,True
170,1,9.8,1,True
170,2,9.7,1,True
170,3,8.0,1,True
170,4,8.8,1,True
170,5,9.1,1,True
170,6,7.7,1,True
170,7,9.6,1,True
170,8,9.0,2,True
170,9,9.4,2,True
170,10,8.9,2,True
170,11,8.8,2,True
170,12,8.4,2,True
170,13,10.0,2,True
170,14,7.6,2,True
170,15,7.0,3,True
170,16,8.9,3,True
170,17,10.0,3,True
170,18,9.4,3,True
170,19,8.8,3,True
170,20,7.6,3,True
170,21,8.0,3,True
172,1,8.8,1,True
172,2,9.6,1,True
172,3,9.3,1,True
172,4,8.4,1,True
172,5,9.8,1,True
172,6,8.3,1,True
172,7,9.8,1,True
174,1,10.0,1,True
174,2,8.5,1,True
174,3,7.8,1,True
174,4,9.6,1,True
174,5,9.5,1,True
174,6,9.5,1,True
174,7,9.4,1,True
174,8,9.2,2,True
174,9,9.3,2,True
174,10,9.3,2,True
174,11,7.0,2,True
174,12,7.1,2,True
174,13,7.4,2,True
174,14,9.7,2,True
175,1,7.6,1,True
175,2,8.8,1,True
175,3,7.1,1,True
175,4,8.6,1,True
175,5,9.2,1,True
175,6,7.1,1,True
175,7,8.1,1,True
175,8,8.8,2,True
175,9,8.1,2,True
175,10,7.5,2,True
175,11,7.6,2,True
175,12,9.1,2,True
175,13,9.3,2,True
175,14,9.7,2,True
175,15,9.0,3,True
175,16,8.4,3,True
175,17,9.7,3,True
175,18,8.6,3,True
175,19,7.0,3,True
175,20,8.6,3,True
175,21,9.8,3,True
175,22,9.2,4,True
175,23,9.4,4,True
175,24,7.3,4,True
175,25,9.1,4,True
175,26,7.1,4,True
175,27,9.0,4,True
175,28,9.0,4,True
176,1,8.6,1,True
176,2,9.4,1,True
176,3,7.9,1,True
176,4,7.9,1,True
176,5,9.6,1,True
176,6,7.3,1,True
176,7,9.8,1,True
176,8,7.8,2,True
176,9,9.5,2,True
176,10,7.9,2,True
176,11,9.2,2,True
176,12,7.1,2,True
176,13,8.5,2,True
176,14,8.2,2,True
176,15,8.7,3,True
176,16,7.8,3,True
176,17,7.3,3,True
176,18,9.5,3,True
176,19,8.0,3,True
176,20,9.8,3,True
176,21,10.0,3,True
177,1,9.9,1,True
177,2,8.4,1,True
177,3,7.9,1,True
177,4,8.8,1,True
177,5,8.5,1,True
177,6,6.5,1,False
177,7,7.2,1,True
177,8,8.8,2,True
177,9,9.1,2,True
177,10,7.6,2,True
177,11,5.8,2,False
177,12,9.3,2,True
177,13,8.0,2,True
177,14,8.7,2,True
177,15,9.7,3,True
177,16,8.3,3,True
177,17,8.4,3,True
177,18,9.0,3,True
177,19,9.2,3,True
177,20,9.4,3,True
177,21,5.8,3,False
177,22,10.0,4,True
177,23,7.1,4,True
177,24,8.6,4,True
177,25,5.1,4,False
177,26,7.3,4,True
177,27,9.4,4,True
177,28,7.2,4,True
178,1,8.7,1,True
178,2,9.1,1,True
178,3,8.3,1,True
178,4,8.5,1,True
178,5,9.8,1,True
178,6,7.0,1,True
178,7,9.7,1,True
179,1,7.1,1,True
179,2,8.8,1,True
179,3,8.7,1,True
179,4,7.4,1,True
179,5,7.7,1,True
179,6,9.3,1,True
179,7,7.4,1,True
179,8,9.4,2,True
179,9,9.0,2,True
179,10,8.4,2,True
179,11,7.6,2,True
179,12,9.3,2,True
179,13,7.3,2,True
179,14,7.3,2,True
179,15,7.3,3,True
179,16,8.7,3,True
179,17,9.1,3,True
179,18,7.8,3,True
179,19,9.8,3,True
179,20,8.9,3,True
179,21,8.4,3,True
180,1,9.4,1,True
180,2,9.5,1,True
180,3,9.5,1,True
180,4,9.9,1,True
180,5,7.2,1,True
180,6,8.1,1,True
180,7,7.5,1,True
180,8,9.1,2,True
180,9,9.9,2,True
180,10,7.7,2,True
180,11,7.2,2,True
180,12,7.9,2,True
180,13,9.7,2,True
180,14,8.0,2,True
180,15,9.0,3,True
180,16,9.0,3,True
180,17,8.0,3,True
180,18,8.9,3,True
180,19,9.7,3,True
180,20,8.6,3,True
180,21,9.7,3,True
182,1,9.1,1,True
182,2,7.3,1,True
182,3,8.6,1,True
182,4,9.4,1,True
182,5,7.7,1,True
182,6,8.6,1,True
182,7,7.5,1,True
183,1,9.4,1,True
183,2,7.2,1,True
183,3,7.2,1,True
183,4,7.0,1,True
183,5,7.6,1,True
183,6,7.9,1,True
183,7,7.1,1,True
183,8,9.2,2,True
183,9,7.2,2,True
183,10,7.6,2,True
183,11,7.5,2,True
183,12,8.4,2,True
183,13,8.1,2,True
183,14,9.7,2,True
183,15,9.3,3,True
183,16,8.2,3,True
183,17,7.4,3,True
183,18,9.8,3,True
183,19,9.3,3,True
183,20,7.4,3,True
183,21,8.3,3,True
183,22,9.2,4,True
183,23,9.9,4,True
183,24,8.4,4,True
183,25,8.3,4,True
183,26,7.3,4,True
183,27,7.4,4,True
183,28,7.9,4,True
184,1,8.8,1,True
184,2,7.6,1,True
184,3,9.9,1,True
184,4,7.6,1,True
184,5,9.9,1,True
184,6,8.9,1,True
184,7,9.5,1,True
184,8,9.3,2,True
184,9,7.6,2,True
184,10,7.4,2,True
184,11,8.3,2,True
184,12,9.7,2,True
184,13,8.2,2,True
184,14,8.1,2,True
186,1,9.4,1,True
186,2,7.6,1,True
186,3,7.9,1,True
186,4,9.7,1,True
186,5,8.9,1,True
186,6,8.8,1,True
186,7,9.4,1,True
186,8,9.9,2,True
186,9,7.4,2,True
186,10,7.2,2,True
186,11,7.1,2,True
186,12,9.4,2,True
186,13,9.4,2,True
186,14,8.3,2,True
186,15,7.5,3,True
186,16,8.0,3,True
186,17,9.7,3,True
186,18,9.7,3,True
186,19,9.4,3,True
186,20,7.9,3,True
186,21,8.0,3,True
186,22,7.5,4,True
186,23,8.4,4,True
186,24,8.4,4,True
186,25,8.7,4,True
186,26,9.0,4,True
186,27,9.1,4,True
186,28,8.2,4,True
188,1,7.7,1,True
188,2,7.2,1,True
188,3,9.4,1,True
188,4,8.2,1,True
188,5,8.7,1,True
188,6,7.4,1,True
188,7,8.7,1,True
189,1,9.5,1,True
189,2,9.9,1,True
189,3,7.0,1,True
189,4,8.1,1,True
189,5,10.0,1,True
189,6,9.3,1,True
189,7,8.4,1,True
190,1,8.4,1,True
190,2,8.3,1,True
190,3,8.5,1,True
190,4,9.2,1,True
190,5,8.0,1,True
190,6,7.6,1,True
190,7,7.5,1,True
190,8,9.0,2,True
190,9,8.2,2,True
190,10,9.0,2,True
190,11,7.1,2,True
190,12,9.7,2,True
190,13,7.8,2,True
190,14,7.6,2,True
191,1,8.0,1,True
191,2,8.2,1,True
191,3,9.3,1,True
191,4,7.7,1,True
191,5,8.8,1,True
191,6,8.8,1,True
191,7,9.8,1,True
191,8,9.7,2,True
191,9,9.1,2,True
191,10,8.9,2,True
191,11,7.8,2,True
191,12,8.7,2,True
191,13,8.0,2,True
191,14,8.2,2,True
191,15,8.8,3,True
191,16,7.6,3,True
191,17,8.2,3,True
191,18,8.4,3,True
191,19,8.4,3,True
191,20,9.7,3,True
191,21,9.3,3,True
191,22,8.5,4,True
191,23,8.4,4,True
191,24,9.8,4,True
191,25,8.9,4,True
191,26,8.7,4,True
191,27,9.1,4,True
191,28,7.8,4,True
192,1,9.1,1,True
192,2,8.3,1,True
192,3,8.5,1,True
192,4,8.3,1,True
192,5,7.6,1,True
192,6,7.0,1,True
192,7,7.3,1,True
192,8,9.3,2,True
192,9,7.4,2,True
192,10,8.7,2,True
192,11,9.8,2,True
192,12,7.2,2,True
192,13,9.3,2,True
192,14,9.1,2,True
192,15,9.8,3,True
192,16,8.2,3,True
192,17,7.6,3,True
192,18,7.9,3,True
192,19,8.5,3,True
192,20,10.0,3,True
192,21,8.5,3,True
192,22,9.3,4,True
192,23,8.7,4,True
192,24,7.2,4,True
192,25,8.9,4,True
192,26,7.5,4,True
192,27,8.6,4,True
192,28,8.8,4,True
193,1,9.6,1,True
193,2,6.9,1,False
193,3,7.9,1,True
193,4,7.6,1,True
193,5,9.5,1,True
193,6,7.1,1,True
193,7,7.4,1,True
193,8,7.2,2,True
193,9,9.8,2,True
193,10,8.0,2,True
193,11,6.4,2,False
193,12,9.7,2,True
193,13,6.5,2,False
193,14,9.4,2,True
193,15,6.7,3,False
193,16,7.7,3,True
193,17,8.8,3,True
193,18,5.5,3,False
193,19,9.1,3,True
193,20,6.0,3,False
193,21,8.0,3,True
194,1,8.0,1,True
194,2,10.0,1,True
194,3,7.8,1,True
194,4,8.8,1,True
194,5,8.3,1,True
194,6,9.0,1,True
194,7,7.1,1,True
194,8,8.3,2,True
194,9,7.7,2,True
194,10,9.7,2,True
194,11,7.5,2,True
194,12,8.9,2,True
194,13,7.1,2,True
194,14,8.2,2,True
194,15,8.5,3,True
194,16,8.0,3,True
194,17,7.2,3,True
194,18,7.2,3,True
194,19,9.2,3,True
194,20,9.5,3,True
194,21,8.8,3,True
194,22,9.9,4,True
194,23,8.5,4,True
194,24,7.3,4,True
194,25,7.3,4,True
194,26,8.5,4,True
194,27,7.6,4,True
194,28,7.1,4,True
195,1,9.7,1,True
195,2,8.6,1,True
195,3,8.5,1,True
195,4,9.0,1,True
195,5,8.7,1,True
195,6,8.7,1,True
195,7,8.1,1,True
195,8,7.1,2,True
195,9,9.0,2,True
195,10,8.1,2,True
195,11,8.2,2,True
195,12,9.4,2,True
195,13,8.1,2,True
195,14,7.9,2,True
195,15,8.6,3,True
195,16,7.2,3,True
195,17,9.3,3,True
195,18,7.8,3,True
195,19,7.2,3,True
195,20,9.5,3,True
195,21,9.6,3,True
195,22,8.1,4,True
195,23,8.9,4,True
195,24,8.4,4,True
195,25,9.6,4,True
195,26,7.1,4,True
195,27,9.1,4,True
195,28,9.1,4,True
196,1,8.0,1,True
196,2,7.1,1,True
196,3,7.8,1,True
196,4,9.6,1,True
196,5,9.8,1,True
196,6,9.2,1,True
196,7,7.8,1,True
196,8,7.1,2,True
196,9,7.9,2,True
196,10,9.2,2,True
196,11,8.4,2,True
196,12,8.0,2,True
196,13,9.8,2,True
196,14,7.5,2,True
197,1,9.7,1,True
197,2,7.6,1,True
197,3,8.6,1,True
197,4,7.6,1,True
197,5,9.2,1,True
197,6,8.8,1,True
197,7,8.6,1,True
197,8,9.6,2,True
197,9,7.7,2,True
197,10,7.5,2,True
197,11,7.7,2,True
197,12,7.7,2,True
197,13,7.1,2,True
197,14,8.6,2,True
197,15,7.0,3,True
197,16,7.7,3,True
197,17,8.0,3,True
197,18,9.5,3,True
197,19,8.3,3,True
197,20,7.2,3,True
197,21,9.5,3,True
198,1,9.0,1,True
198,2,7.1,1,True
198,3,8.1,1,True
198,4,7.9,1,True
198,5,9.2,1,True
198,6,9.1,1,True
198,7,9.0,1,True
198,8,7.8,2,True
198,9,7.4,2,True
198,10,7.1,2,True
198,11,9.7,2,True
198,12,9.2,2,True
198,13,7.8,2,True
198,14,8.8,2,True
199,1,7.3,1,True
199,2,8.0,1,True
199,3,7.3,1,True
199,4,9.0,1,True
199,5,7.9,1,True
199,6,7.7,1,True
199,7,9.9,1,True
199,8,8.4,2,True
199,9,9.7,2,True
199,10,9.7,2,True
199,11,8.4,2,True
199,12,9.3,2,True
199,13,9.4,2,True
199,14,9.7,2,True
199,15,8.3,3,True
199,16,8.5,3,True
199,17,9.1,3,True
199,18,8.9,3,True
199,19,8.1,3,True
199,20,7.2,3,True
199,21,7.6,3,True
199,22,8.7,4,True
199,23,9.9,4,True
199,24,8.0,4,True
199,25,8.4,4,True
199,26,9.7,4,True
199,27,7.1,4,True
199,28,8.9,4,True
